"RMSE","R2","MAE"
1.18313709740576,-0.104934102620793,1.03065694444444
